A,xsec,density,ev,rc1,rc2,nt,K,L1,L2,L3
15.9994,26.5676,0.001331,2630120,-0.0077133,-0.0042,-0.0021944,532,23.7,7.1000000000000005,7.1000000000000005
