A,xsec,density,ev,rc1,rc2,nt,K,L1,L2
10.81,17.9504,2.34,3892720,-0.0028487,-0.0012,-0.0012687,188,13.469999999999999,4.7
