A,xsec,density,ev,rc1,rc2,nt,K,L1,L2,L3
22.9898,38.1755,9.69,1830390,-0.015378,-0.0084,-0.0028873,1072.1000000000001,63.3,31.099999999999998,31.099999999999998
