A,xsec,density,ev,rc1,rc2,nt,K,L1,L2,L3
20.179,33.508,8.391,2085350,-0.01249,-0.0066,-0.0027186,866.9,45,18.3,18.3
