A,xsec,density,ev,rc1,rc2,nt,K,L1,L2,L3
14.0067,23.2587,1.165,3004300,-0.0057982,-0.003,-0.0019191,401.6,26.31,9.2,9.2
