A,xsec,density,ev,rc1,rc2,nt,K,L1
9.01218,14.9651,1.845,4669270,-0.0017882,-6e-4,-97394e-8,111,8.42
