A,xsec,density,ev,rc1,rc2,nt,K,L1,L2,L3
24.305,40.3594,1.735,1731340,-0.018616,-0.0108,-0.0032502,1305,89.39999999999999,51.4,51.4
