A,xsec,density,ev,rc1,rc2,nt,K,L1,L2
12.011,19.9447,2.26,3503480,-0.004181,-0.0018,-0.0016442,283.8,19.509999999999998,6.4
