A,xsec,density,ev,rc1,rc2,nt,K,L1,L2,L3
18.9984,31.5476,1.108,2214940,-0.0099395,-0.0054,-0.0023389,685.4,31,8.6,8.6
